name,date_time,location,classprice
BLS Provider,Tue 6/4/2019 at 9:00 AM,Lifesaver Education,$55.00
BLS Provider,Sat 6/22/2019 at 8:00 AM,Lifesaver Education,$55.00
BLS Provider,Thu 6/20/2019 at 9:00 AM,Lifesaver Education,$55.00
BLS Provider,Wed 6/12/2019 at 9:00 AM,Lifesaver Education,$55.00
BLS Provider,Mon 6/24/2019 at 9:00 AM,Lifesaver Education,$55.00
BLS Provider,Fri 6/28/2019 at 9:00 AM,Lifesaver Education,$55.00
BLS Provider,Sun 6/9/2019 at 8:00 AM,Lifesaver Education,$55.00
BLS Provider,Tue 6/18/2019 at 9:00 AM,Lifesaver Education,$55.00
BLS Provider,Wed 6/26/2019 at 9:00 AM,Lifesaver Education,$55.00
BLS Provider,Tue 7/2/2019 at 9:00 AM,Lifesaver Education,$55.00
BLS Provider,Fri 6/7/2019 at 9:00 AM,Lifesaver Education,$55.00
BLS Online HeartCode & Skills Testing,Sun 6/30/2019 at 5:00 PM,Lifesaver Education,$75.00
BLS Provider,Sun 6/16/2019 at 8:00 AM,Lifesaver Education,$55.00
BLS Online HeartCode & Skills Testing,Wed 7/24/2019 at 7:00 AM,Lifesaver Education,$75.00
BLS Online HeartCode & Skills Testing,Sat 6/1/2019 at 7:00 AM,Lifesaver Education,$75.00
ECG/EKG Interpretation & Pharmacology,Fri 6/7/2019 at 8:00 AM,Lifesaver Education,$155.00
CPR & AED (Heartsaver CPR AED),Sat 6/8/2019 at 8:00 AM,Lifesaver Education,$70.00
First Aid (Heartsaver First Aid),Sat 6/8/2019 at 12:00 PM,Lifesaver Education,$65.00
"CPR, AED, & First Aid (Heartsaver First Aid CPR AED)",Sat 6/8/2019 at 8:00 AM,Lifesaver Education,$95.00
"CPR, AED, & First Aid (Heartsaver First Aid CPR AED)",Sat 7/13/2019 at 8:00 AM,Lifesaver Education,$95.00
First Aid (Heartsaver First Aid),Sat 9/14/2019 at 12:00 PM,Lifesaver Education,$65.00
First Aid (Heartsaver First Aid),Sat 7/20/2019 at 12:00 PM,Lifesaver Education,$65.00
First Aid (Heartsaver First Aid),Sat 7/13/2019 at 12:00 PM,Lifesaver Education,$65.00
"CPR, AED, & First Aid (Heartsaver First Aid CPR AED)",Sat 9/14/2019 at 8:00 AM,Lifesaver Education,$95.00
"CPR, AED, & First Aid (Heartsaver First Aid CPR AED)",Sat 8/10/2019 at 8:00 AM,Lifesaver Education,$95.00
"CPR, AED, & First Aid (Heartsaver First Aid CPR AED)",Sat 7/20/2019 at 8:00 AM,Lifesaver Education,$95.00
First Aid (Heartsaver First Aid),Sat 6/15/2019 at 12:00 PM,Lifesaver Education,$65.00
CPR & AED (Heartsaver CPR AED),Sat 9/14/2019 at 8:00 AM,Lifesaver Education,$70.00
First Aid (Heartsaver First Aid),Sat 8/10/2019 at 12:00 PM,Lifesaver Education,$65.00
CPR & AED (Heartsaver CPR AED),Sat 8/10/2019 at 8:00 AM,Lifesaver Education,$70.00
CPR & AED (Heartsaver CPR AED),Sat 7/13/2019 at 8:00 AM,Lifesaver Education,$70.00
Ventilator Training,Thu 10/17/2019 at 9:00 AM,Lifesaver Education,$120.00
Ventilator Training,Thu 7/18/2019 at 9:00 AM,Lifesaver Education,$120.00
Ventilator Training,Thu 6/20/2019 at 9:00 AM,Lifesaver Education,$120.00
ECG/EKG Interpretation & Pharmacology,Fri 7/5/2019 at 8:00 AM,Lifesaver Education,$155.00
ECG/EKG Interpretation & Pharmacology,Sun 6/16/2019 at 8:00 AM,Lifesaver Education,$155.00
ECG/EKG Interpretation & Pharmacology,Sat 7/20/2019 at 8:00 AM,Lifesaver Education,$155.00
NRP Course ONLY (test not included),Wed 7/10/2019 at 8:00 AM,Lifesaver Education,$130.00
NRP Course ONLY (test not included),Mon 6/3/2019 at 1:00 PM,Lifesaver Education,$130.00
NRP Course Including Online Exam (7th Edition),Mon 7/29/2019 at 1:00 PM,Lifesaver Education,$150.00
Ventilator Training,Thu 8/15/2019 at 9:00 AM,Lifesaver Education,$120.00
NRP Course Including Online Exam (7th Edition),Mon 7/29/2019 at 8:00 AM,Lifesaver Education,$150.00
NRP Course ONLY (test not included),Mon 7/29/2019 at 1:00 PM,Lifesaver Education,$130.00
NRP Course ONLY (test not included),Mon 7/29/2019 at 8:00 AM,Lifesaver Education,$130.00
NRP Course Including Online Exam (7th Edition),Wed 7/10/2019 at 1:00 PM,Lifesaver Education,$150.00
NRP Course Including Online Exam (7th Edition),Wed 7/10/2019 at 8:00 AM,Lifesaver Education,$150.00
NRP Course Including Online Exam (7th Edition),Wed 6/12/2019 at 1:00 PM,Lifesaver Education,$150.00
NRP Course Including Online Exam (7th Edition),Mon 6/3/2019 at 1:00 PM,Lifesaver Education,$150.00
PALS Renewal,Tue 7/30/2019 at 9:00 AM,Lifesaver Education,$150.00
PALS Renewal,Sun 7/21/2019 at 8:00 AM,Lifesaver Education,$150.00
PALS Renewal,Sat 7/13/2019 at 8:00 AM,Lifesaver Education,$150.00
PALS Renewal,Fri 6/28/2019 at 9:00 AM,Lifesaver Education,$150.00
NRP Course ONLY (test not included),Wed 7/10/2019 at 1:00 PM,Lifesaver Education,$130.00
PALS Renewal,Sat 6/15/2019 at 8:00 AM,Lifesaver Education,$150.00
PALS Renewal,Wed 6/5/2019 at 9:00 AM,Lifesaver Education,$150.00
PALS Online HeartCode & Skills Testing,Sun 6/23/2019 at 3:30 PM,Lifesaver Education,$225.00
PALS Online HeartCode & Skills Testing,Tue 6/4/2019 at 5:30 PM,Lifesaver Education,$225.00
PALS Certification,Tue 10/15/2019 at 8:00 AM,Lifesaver Education,$195.00
Ventilator Training,Thu 9/19/2019 at 9:00 AM,Lifesaver Education,$120.00
PALS Certification,Wed 7/24/2019 at 8:00 AM,Lifesaver Education,$195.00
PALS Certification,Mon 7/15/2019 at 8:00 AM,Lifesaver Education,$195.00
PALS Certification,Thu 7/11/2019 at 8:00 AM,Lifesaver Education,$195.00
PALS Certification,Thu 6/27/2019 at 8:00 AM,Lifesaver Education,$195.00
PALS Certification,Thu 6/13/2019 at 8:00 AM,Lifesaver Education,$195.00
NRP Course ONLY (test not included),Wed 6/12/2019 at 1:00 PM,Lifesaver Education,$130.00
PALS Certification,Tue 6/4/2019 at 8:00 AM,Lifesaver Education,$195.00
ACLS Renewal,Wed 7/31/2019 at 9:00 AM,Lifesaver Education,$150.00
ACLS Renewal,Tue 7/9/2019 at 9:00 AM,Lifesaver Education,$150.00
ACLS Renewal,Fri 7/26/2019 at 9:00 AM,Lifesaver Education,$150.00
ACLS Renewal,Sat 6/29/2019 at 8:00 AM,Lifesaver Education,$150.00
ACLS Renewal,Wed 6/19/2019 at 9:00 AM,Lifesaver Education,$150.00
PALS Online HeartCode & Skills Testing,Call to schedule,Call to schedule,$225.00
ACLS Renewal,Fri 6/14/2019 at 9:00 AM,Lifesaver Education,$150.00
ACLS Renewal,Thu 6/6/2019 at 9:00 AM,Lifesaver Education,$150.00
ACLS Online HeartCode & Skills Testing,Sun 6/30/2019 at 4:30 PM,Lifesaver Education,$225.00
ACLS Renewal,Sat 7/27/2019 at 8:00 AM,Lifesaver Education,$150.00
ACLS Renewal,Tue 7/23/2019 at 9:00 AM,Lifesaver Education,$150.00
ACLS Online HeartCode & Skills Testing,Fri 6/7/2019 at 4:00 PM,Lifesaver Education,$225.00
ACLS Renewal,Sun 6/23/2019 at 8:00 AM,Lifesaver Education,$150.00
ACLS Certification,Sun 7/28/2019 at 8:00 AM,Lifesaver Education,$195.00
ACLS Certification,Wed 7/17/2019 at 9:00 AM,Lifesaver Education,$195.00
ACLS Certification,Fri 7/12/2019 at 9:00 AM,Lifesaver Education,$195.00
ACLS Certification,Sat 7/6/2019 at 8:00 AM,Lifesaver Education,$195.00
ACLS Certification,Fri 6/21/2019 at 9:00 AM,Lifesaver Education,$195.00
ACLS Certification,Tue 6/11/2019 at 9:00 AM,Lifesaver Education,$195.00
ACLS Certification,Sat 6/1/2019 at 8:00 AM,Lifesaver Education,$195.00
BLS Renewal,Wed 7/31/2019 at 9:00 AM,Lifesaver Education,$55.00
ACLS Certification,Thu 9/12/2019 at 9:00 AM,Lifesaver Education,$195.00
BLS Renewal,Tue 7/30/2019 at 9:00 AM,Lifesaver Education,$55.00
BLS Renewal,Thu 7/25/2019 at 9:00 AM,Lifesaver Education,$55.00
BLS Renewal,Wed 7/24/2019 at 7:00 PM,Lifesaver Education,$55.00
BLS Renewal,Tue 7/23/2019 at 9:00 AM,Lifesaver Education,$55.00
ACLS Certification,Sun 6/30/2019 at 8:00 AM,Lifesaver Education,$195.00
BLS Renewal,Sun 7/21/2019 at 8:00 AM,Lifesaver Education,$55.00
BLS Renewal,Thu 7/18/2019 at 7:00 PM,Lifesaver Education,$55.00
ACLS Online HeartCode & Skills Testing,Call to schedule,Call to schedule,$225.00
BLS Renewal,Mon 7/15/2019 at 9:00 AM,Lifesaver Education,$55.00
BLS Renewal,Sat 7/13/2019 at 8:00 AM,Lifesaver Education,$55.00
BLS Renewal,Sat 7/27/2019 at 8:00 AM,Lifesaver Education,$55.00
BLS Renewal,Thu 7/11/2019 at 9:00 AM,Lifesaver Education,$55.00
BLS Renewal,Sun 7/7/2019 at 8:00 AM,Lifesaver Education,$55.00
BLS Renewal,Fri 7/5/2019 at 9:00 AM,Lifesaver Education,$55.00
BLS Renewal,Wed 7/3/2019 at 7:00 PM,Lifesaver Education,$55.00
BLS Renewal,Sun 6/30/2019 at 8:00 AM,Lifesaver Education,$55.00
BLS Renewal,Fri 7/19/2019 at 9:00 AM,Lifesaver Education,$55.00
BLS Renewal,Sat 6/29/2019 at 12:00 PM,Lifesaver Education,$55.00
BLS Renewal,Sat 6/29/2019 at 8:00 AM,Lifesaver Education,$55.00
BLS Renewal,Thu 6/27/2019 at 7:00 PM,Lifesaver Education,$55.00
BLS Renewal,Tue 7/30/2019 at 7:00 PM,Lifesaver Education,$55.00
BLS Renewal,Tue 6/25/2019 at 9:00 AM,Lifesaver Education,$55.00
BLS Renewal,Sun 6/23/2019 at 8:00 AM,Lifesaver Education,$55.00
BLS Renewal,Fri 6/21/2019 at 9:00 AM,Lifesaver Education,$55.00
BLS Renewal,Wed 6/19/2019 at 7:00 PM,Lifesaver Education,$55.00
BLS Renewal,Mon 6/17/2019 at 9:00 AM,Lifesaver Education,$55.00
BLS Renewal,Fri 6/14/2019 at 9:00 AM,Lifesaver Education,$55.00
BLS Renewal,Thu 6/13/2019 at 7:00 PM,Lifesaver Education,$55.00
BLS Renewal,Tue 6/11/2019 at 9:00 AM,Lifesaver Education,$55.00
BLS Renewal,Sat 6/8/2019 at 8:00 AM,Lifesaver Education,$55.00
BLS Renewal,Thu 6/6/2019 at 9:00 AM,Lifesaver Education,$55.00
BLS Renewal,Wed 6/5/2019 at 7:00 PM,Lifesaver Education,$55.00
BLS Provider,Wed 8/7/2019 at 9:00 AM,Lifesaver Education,$55.00
BLS Renewal,Wed 7/10/2019 at 7:00 PM,Lifesaver Education,$55.00
BLS Provider,Mon 7/29/2019 at 9:00 AM,Lifesaver Education,$55.00
BLS Provider,Sun 7/28/2019 at 8:00 AM,Lifesaver Education,$55.00
BLS Provider,Mon 7/22/2019 at 9:00 AM,Lifesaver Education,$55.00
BLS Provider,Fri 7/26/2019 at 9:00 AM,Lifesaver Education,$55.00
BLS Provider,Sat 7/20/2019 at 8:00 AM,Lifesaver Education,$55.00
BLS Provider,Wed 7/17/2019 at 9:00 AM,Lifesaver Education,$55.00
BLS Provider,Tue 7/16/2019 at 9:00 AM,Lifesaver Education,$55.00
BLS Provider,Sun 7/14/2019 at 8:00 AM,Lifesaver Education,$55.00
BLS Provider,Fri 7/12/2019 at 9:00 AM,Lifesaver Education,$55.00
BLS Provider,Tue 7/9/2019 at 9:00 AM,Lifesaver Education,$55.00
BLS Online HeartCode & Skills Testing,Call to schedule,Call to schedule,$75.00
BLS Renewal,Sat 6/15/2019 at 8:00 AM,Lifesaver Education,$55.00
BLS Provider,Sat 7/6/2019 at 8:00 AM,Lifesaver Education,$55.00
